city; venues
Cleveland; 3321
Lakewood; 487
Mentor; 407
North Olmsted; 350
Westlake; 346
Strongsville; 338
Cuyahoga Falls; 310
Medina; 289
Beachwood; 265
Kent; 256
Parma; 244
Rocky River; 238
Willoughby; 225
Stow; 204
Avon; 200
Cleveland Heights; 191
Solon; 190
Hudson; 178
Chagrin Falls; 170
Elyria; 162
Brunswick; 156
Fairlawn; 144
Mayfield Heights; 143
North Royalton; 131
Streetsboro; 128
Independence; 126
Twinsburg; 119
Middleburg Heights; 108
Broadview Heights; 108
Bedford; 107
Berea; 107
Avon Lake; 105
Painesville; 105
Lyndhurst; 103
Aurora; 95
Macedonia; 92
Lorain; 92
Euclid; 91
Amherst; 91
Fairview Park; 89
North Ridgeville; 89
Northfield; 82
South Euclid; 75
Brecksville; 70
Chardon; 69
Brooklyn; 67
Parma Heights; 62
Tallmadge; 61
Eastlake; 61
Shaker Heights; 58
Woodmere; 58
Chesterland; 57
Willowick; 57
Olmsted Falls; 50
Brook Park; 48
Willoughby Hills; 42
Garfield Heights; 41
Wickliffe; 41
Richfield; 40
Warrensville Heights; 38
Bay Village; 37
Maple Heights; 37
University Heights; 36
Highland Heights; 33
Copley; 31
Middlefield; 30
Seven Hills; 30
Peninsula; 27
Sheffield Village; 26
Burton; 23
WICKLIFFE; 22
Richmond Heights; 22
Valley View; 21
Bedford Heights; 20
Hinckley; 19
Kirtland; 18
Munroe Falls; 18
Pepper Pike; 17
Brookpark; 16
Newbury; 16
Mayfield; 15
Mantua; 15
Grafton; 13
Sheffield Lake; 12
Columbia Station; 11
Mayfield Village; 11
columbia station; 11
Valley City; 10
Mentor-on-the-Lake; 10
Concord; 8
Lagrange; 8
Mentor On the Lake; 8
Sagamore Hills; 7
Bainbridge; 7
Moreland Hills; 7
Fairport Harbor; 7
Olmsted Township; 6
Oakwood Village; 6
North Randall; 6
East Cleveland; 6
Sheffield; 6
Mentor On the; 5
Bath; 5
Brooklyn Heights; 4
Litchfield; 4
Orange; 4
Orange Village; 4
Middleburg Hts; 4
Hiram; 4
Richmond Hts; 3
Warrensville Hts; 3
Novelty; 3
N. OLMSTED; 2
Broadview Hts; 2
Bratenahl; 2
North Olmstead; 2
Boston Heights; 2
Warrensville; 2
Cuyahoga Heights; 2
Gates Mills; 2
Silver Lake; 2
Tremont; 2
N Ridgeville; 2
Geauga; 2
Cuyahoga Fls; 2
Walton Hills; 2
Highland Hills; 2
Huntsburg; 2
Concord Twp; 2
Medina Township; 2
Grand River; 2
Mentor On The Lake; 1
Woodmere Village; 1
University Ht; 1
Median; 1
Garfield hts; 1
Bainbridge Township; 1
Brooklyn Hts.; 1
Twinsburgh; 1
Lakewood, Oh; 1
Strongville; 1
Newburgh Heights; 1
Montrose; 1
Concord Township; 1
Mayfield Hts.; 1
Reminderville; 1
University Hts ; 1
Russell Twp; 1
Auburn Twp; 1
N. Ridgeville; 1
Concord Twp.; 1
South Amherst; 1
Township of Concord; 1
Middleburg Hts.; 1
Troy Township; 1
N Royalton; 1
West Akron; 1
Northfield Center; 1
Mayfield Hts; 1
Auburn; 1
Streetsbor; 1
Warrensville Hts.; 1
Auburn Township; 1
Chagrin Highlands; 1
North Olmsted,; 1
Bedford HTS; 1
Garfield Hts; 1
Brunswick Hills; 1
Richmond Height; 1
Old Brooklyn; 1
Cleveland Hghts.; 1
Lakewood Oh; 1
Shaker Hts; 1
Mayfield Heights.; 1
Bedford Hts.; 1
Northfield Center Township; 1
Warrensvile Heights; 1
N. Randall; 1
Buckeye - Shaker; 1
Mayfield Heights (Cleveland); 1
Bentleyville; 1
